Serial No.,GRE Score,TOEFL Score,University Rating,SOP,LOR,CGPA,Research,Admission Points
479,327,113,4,4.0,2.77,8.88,1,84.47
446,301,92,1,1.85,1.5,7.71,0,45.08
336,297,100,1,2.41,1.59,7.89,0,47.42
20,303,98,3,3.5,3.0,8.5,0,62.0
432,320,94,2,1.38,3.5,8.78,1,73.0
112,321,84,4,4.13,4.0,8.68,1,69.0
55,306,110,3,3.0,3.5,8.0,0,70.0
59,299,112,1,0.97,2.0,6.82,1,40.03
123,311,74,4,1.5,0.53,8.36,0,57.0
477,298,98,2,2.23,3.73,7.43,0,49.08
28,297,112,1,1.52,0.58,7.49,0,
99,332,119,4,5.0,4.5,9.24,1,90.0
10,276,108,3,4.65,3.0,8.6,0,45.0
15,265,109,1,4.6,1.82,7.84,0,47.01
139,328,110,2,3.95,3.0,9.15,1,126.0
94,301,98,2,2.58,2.64,7.77,0,35.0
114,320,110,2,4.0,1.8,8.56,0,72.0
305,286,106,2,2.5,2.0,8.43,0,62.0
224,272,109,2,3.0,4.0,8.45,0,71.0
59,306,101,1,2.41,2.0,9.44,0,39.06
83,320,110,5,5.0,4.5,9.22,1,92.0
444,293,102,2,2.42,1.74,7.17,0,49.02
338,324,74,5,4.19,4.19,8.88,1,87.02
416,310,100,3,3.41,2.34,7.76,0,45.93
465,298,109,2,2.98,3.56,7.21,0,45.0
211,325,107,4,4.5,4.0,9.06,1,79.0
443,321,113,4,4.5,4.46,9.16,1,86.5
79,311,104,3,2.21,2.78,8.04,0,48.51
67,327,105,3,3.0,1.99,9.02,0,61.0
86,319,115,4,1.34,0.1,8.66,0,76.0
272,299,96,2,1.5,3.39,7.86,0,54.0
93,298,98,2,4.0,3.0,8.03,0,34.0
63,314,104,3,3.61,3.2,8.4,0,49.51
387,302,115,2,3.12,3.5,7.97,0,50.34
123,310,93,4,2.44,2.5,8.36,0,57.0
468,318,88,5,4.06,5.0,8.78,1,78.0
377,293,97,1,0.51,4.96,7.49,0,41.66
383,324,97,4,4.47,3.97,9.15,1,82.99
28,298,98,2,2.13,2.5,7.5,1,44.0
404,302,89,2,2.5,3.05,7.5,0,49.01
363,338,115,5,4.45,5.0,9.23,1,91.0
18,319,111,3,4.0,3.0,9.65,1,65.0
440,296,99,1,3.17,2.22,7.5,0,39.52
42,313,106,2,2.5,2.16,8.41,1,51.0
23,304,72,5,1.58,5.0,8.14,1,94.0
53,334,87,4,4.0,3.0,8.0,1,78.0
92,298,114,2,4.39,3.76,7.88,0,36.01
335,297,95,1,0.9,4.57,7.88,0,46.18
83,320,110,5,5.0,2.87,9.22,1,92.0
134,323,112,5,4.07,2.64,8.78,0,79.0
160,297,99,1,2.1,2.46,7.7,0,52.5
111,295,105,3,2.33,0.59,7.64,0,46.51
29,299,99,2,3.19,2.65,8.65,0,46.02
379,299,115,2,1.01,2.35,7.59,0,43.62
157,269,119,3,2.0,2.5,8.34,0,70.0
237,325,114,4,4.0,4.5,9.17,1,85.0
160,297,100,1,1.5,2.0,7.9,0,52.0
413,307,91,4,2.34,2.0,7.88,1,59.0
288,328,107,4,4.0,4.11,9.23,0,89.36
49,321,87,3,3.5,5.0,8.85,1,82.0
35,331,112,5,1.79,4.44,9.8,1,94.0
440,260,105,2,3.55,0.68,8.46,0,66.0
375,315,105,2,3.98,2.5,6.45,0,39.0
108,338,117,4,3.5,2.92,9.46,1,91.0
298,329,114,3,3.28,4.5,9.24,0,87.95
498,280,72,5,4.5,5.0,9.56,1,93.0
300,305,96,3,4.58,1.12,8.65,0,71.0
255,275,94,4,4.0,5.0,8.79,0,127.5
255,321,114,4,4.0,5.0,9.12,0,85.0
415,321,109,4,3.5,4.0,8.35,1,72.0
286,329,115,5,4.16,1.67,6.75,1,90.96
1,337,118,4,4.5,1.63,8.51,1,92.0
397,325,84,3,3.0,3.5,8.79,1,84.0
216,294,116,5,5.0,3.42,9.36,1,93.0
329,324,112,4,4.0,3.5,9.35,1,80.0
141,329,72,2,4.0,3.0,9.15,1,84.0
397,325,107,3,1.5,3.5,9.11,1,84.0
41,313,77,1,2.79,3.93,8.08,0,50.63
40,299,88,2,3.33,3.05,7.92,0,48.5
338,300,78,5,5.0,5.0,9.47,1,94.0
447,299,100,2,2.0,2.26,8.55,0,46.52
435,306,103,3,1.7,3.0,8.96,0,64.0
37,299,110,2,4.21,0.03,7.37,0,64.0
69,318,109,3,3.5,3.89,9.22,1,68.0
362,334,116,4,4.0,3.5,9.54,1,93.0
450,315,101,3,4.63,3.89,9.13,0,79.0
149,299,112,1,1.5,2.91,7.53,0,47.54
450,313,103,2,2.19,1.81,7.85,0,51.67
323,314,102,2,0.51,1.95,8.27,0,72.0
419,309,101,3,2.88,2.41,7.57,0,47.6
229,318,90,3,4.0,3.5,8.67,0,71.0
5,314,103,2,2.0,0.81,8.41,0,65.0
205,298,105,3,3.5,4.0,6.68,0,69.0
4,314,77,3,0.54,3.05,6.21,1,80.0
220,312,100,3,3.5,1.61,8.42,0,74.0
142,333,83,2,4.5,3.33,9.46,1,93.37
377,294,97,1,2.16,4.48,7.47,0,40.6
71,309,115,5,3.66,0.62,9.72,1,94.99
473,299,116,4,4.0,4.5,9.48,1,90.0
96,304,93,2,2.55,2.78,8.7,0,42.17
452,324,113,4,3.96,4.5,9.25,1,89.0
269,297,113,4,2.93,0.76,9.14,0,83.0
64,315,107,2,4.72,3.0,8.5,1,56.0
32,327,89,3,4.0,4.0,8.3,1,74.0
327,299,82,3,2.0,2.0,8.02,0,63.0
445,264,101,5,1.9,5.0,9.25,1,92.0
94,275,113,2,3.1,1.13,7.96,0,38.1
382,319,105,3,3.0,4.16,8.67,1,73.0
409,297,108,3,2.0,4.0,7.58,1,57.0
375,292,97,1,3.22,2.0,7.64,0,49.01
395,274,111,4,4.5,4.0,9.23,1,89.0
384,300,100,3,3.0,3.5,8.26,0,62.0
193,335,117,5,4.79,4.88,9.52,1,93.5
174,323,113,4,4.0,4.5,9.23,1,89.0
170,311,99,2,2.5,3.0,7.98,0,65.0
446,301,102,1,2.32,2.48,7.71,0,45.08
380,292,105,2,2.0,2.91,7.83,0,46.06
90,316,85,4,0.24,0.23,8.76,1,74.0
345,264,115,2,1.5,2.0,7.34,0,47.0
420,292,100,3,2.36,2.76,7.48,0,47.08
377,297,96,2,0.73,2.3,7.43,0,34.0
379,303,71,1,2.1,2.5,7.65,0,56.0
178,319,113,3,3.5,2.83,7.46,0,82.0
37,321,110,5,4.42,4.82,9.24,1,89.47
297,313,98,1,1.63,1.67,7.82,0,50.5
426,323,111,5,2.15,5.0,9.86,1,138.0
492,297,99,4,2.86,1.99,7.81,0,54.0
288,324,97,5,4.63,4.5,9.08,1,89.0
59,300,99,1,4.32,2.0,6.8,1,36.0
227,306,110,2,3.5,4.0,8.45,0,63.0
95,302,111,2,4.43,3.0,7.71,0,42.44
186,327,109,4,4.54,2.05,9.11,1,89.0
107,313,81,3,2.85,2.71,7.7,0,39.6
35,331,114,4,4.4,1.35,9.74,0,90.36
119,296,99,2,3.0,3.5,7.28,0,47.0
59,299,98,1,3.0,2.0,6.82,1,40.03
33,338,100,4,3.0,0.18,9.4,1,91.0
89,286,113,2,3.0,2.67,7.77,1,66.0
172,334,113,5,4.0,4.5,6.58,1,89.0
414,317,89,3,3.0,2.0,7.94,1,49.0
292,313,94,1,1.13,3.47,7.86,0,50.5
271,306,105,2,2.5,2.49,8.22,1,72.0
228,312,110,2,3.5,3.55,8.53,0,64.0
469,323,110,4,4.0,5.0,8.88,1,81.0
331,298,96,1,2.4,4.72,9.34,0,46.03
441,305,95,2,2.5,1.5,7.79,0,53.0
366,330,88,4,4.5,3.0,8.12,1,86.0
61,309,100,2,3.0,3.0,8.1,0,48.0
483,328,118,4,4.0,2.5,8.77,1,83.0
490,302,110,3,4.0,4.5,9.69,0,65.0
113,312,82,3,3.65,3.5,8.34,1,62.0
80,294,93,1,1.51,2.15,7.37,0,41.07
193,287,114,5,1.45,1.56,8.94,1,86.0
261,327,84,5,5.0,3.5,9.13,1,87.0
416,316,71,3,4.1,2.0,7.77,0,50.5
453,258,116,4,4.98,3.5,9.6,1,93.0
52,312,70,2,1.5,2.69,7.36,1,56.0
58,270,96,2,4.0,2.0,9.21,0,46.0
309,312,108,3,2.55,3.0,8.53,0,69.0
118,290,104,4,0.89,2.5,7.46,0,45.0
466,305,96,4,4.07,4.5,8.26,0,54.0
87,315,106,3,4.5,0.29,8.42,0,72.0
139,326,116,2,4.5,2.12,6.55,1,80.0
38,307,108,2,3.97,3.47,7.75,0,46.51
438,317,106,1,1.5,3.5,7.65,1,61.0
233,312,107,2,2.5,3.5,8.27,0,69.0
85,340,115,5,4.5,4.5,9.45,1,
214,331,84,4,4.56,4.94,8.82,1,94.99
59,302,99,1,4.56,2.28,7.16,0,42.17
426,323,111,5,4.0,5.0,9.5,1,92.0
468,318,117,5,0.1,5.0,8.78,1,78.0
134,323,112,5,4.0,4.5,8.78,0,79.0
203,286,79,5,2.05,4.5,7.82,1,97.0
60,311,104,2,3.62,2.0,8.3,0,42.0
199,293,94,3,4.5,4.5,8.43,0,70.0
101,322,107,3,3.5,0.94,8.46,1,71.0
29,295,74,1,2.0,2.63,8.41,0,46.0
76,315,70,4,3.49,4.13,9.09,1,87.82
318,289,69,1,1.0,4.03,8.01,0,58.0
143,331,89,5,4.0,3.12,9.44,1,92.0
42,312,107,2,2.7,4.48,8.4,1,49.51
449,312,95,2,2.5,4.0,8.01,0,
99,332,119,4,4.02,3.6,8.19,1,90.0
480,325,110,4,2.9,4.0,8.96,1,79.0
316,308,104,2,1.6,3.0,8.07,0,65.0
182,305,107,2,2.5,2.5,8.42,0,71.0
171,312,91,2,2.5,3.5,8.04,1,68.0
135,333,101,5,1.73,1.58,9.28,1,89.0
206,295,89,2,2.5,2.08,7.65,0,57.0
189,331,115,5,4.5,3.5,7.13,1,93.0
106,316,96,3,1.77,2.52,6.99,1,69.0
359,314,101,2,1.23,2.0,9.37,0,70.0
416,310,96,3,2.08,2.34,7.76,0,45.93
23,328,116,5,0.88,5.0,9.5,1,94.0
93,298,70,2,1.74,3.0,8.03,0,40.1
46,322,110,5,5.0,4.0,9.1,1,88.0
272,299,113,2,1.5,3.99,7.86,0,54.0
347,303,83,1,3.73,1.24,7.36,0,45.98
62,307,101,3,4.0,3.0,8.2,0,47.0
484,304,80,5,5.0,3.0,7.92,0,71.0
387,301,100,2,2.42,3.4,7.95,0,49.04
320,327,113,4,3.5,1.81,8.69,1,80.0
185,316,70,2,2.5,3.56,8.32,0,72.0
29,295,93,1,2.0,2.0,7.2,0,46.0
420,302,100,3,2.22,2.82,7.47,0,47.06
72,336,112,5,4.82,2.99,9.76,1,96.0
265,325,110,2,3.0,2.5,8.76,1,75.0
375,315,118,2,2.0,2.5,7.65,0,39.0
488,306,119,3,2.43,4.1,7.67,0,45.09
279,308,120,2,3.0,0.97,8.49,0,66.0
389,296,97,2,4.46,2.0,7.8,0,49.0
28,298,98,2,1.5,3.19,7.5,1,44.0
15,300,72,1,2.36,1.82,9.5,0,
417,315,104,3,3.26,2.5,6.96,0,65.0
290,283,115,3,4.0,2.35,9.0,0,79.0
79,295,98,1,1.72,2.0,7.51,0,45.0
173,305,110,4,4.0,3.59,9.13,1,86.0
119,296,99,2,3.0,3.5,7.28,0,47.0
394,290,109,3,3.53,3.5,9.12,1,126.0
211,257,108,4,4.63,3.39,7.99,1,79.0
441,305,114,2,4.79,1.5,7.79,0,53.0
383,324,110,4,4.5,4.0,9.15,1,82.0
79,295,112,1,2.72,2.0,7.51,0,45.0
439,318,110,1,2.5,3.5,8.54,1,67.0
447,327,92,4,2.85,5.0,9.67,1,93.0
24,335,109,5,4.42,3.92,9.76,1,95.99
60,310,78,2,3.02,1.55,8.29,0,44.52
294,312,98,1,3.5,2.22,8.18,1,64.0
3,316,116,3,1.78,3.5,8.0,1,72.0
468,318,106,5,1.67,5.0,6.88,1,78.0
404,330,93,4,4.0,1.25,9.23,1,91.0
375,308,113,2,2.0,2.5,7.73,0,38.5
95,302,99,3,2.14,0.49,7.89,0,38.08
72,263,73,5,5.0,5.0,9.76,1,96.0
286,331,116,5,4.0,4.0,9.26,1,93.0
480,325,116,4,4.5,4.0,8.96,1,
406,287,100,3,2.5,3.0,7.45,0,52.0
212,328,110,4,5.0,4.0,9.14,1,82.0
188,335,110,5,4.8,4.01,9.44,1,93.0
153,299,78,1,4.69,3.0,7.53,0,50.51
59,309,84,1,3.03,4.26,8.15,0,39.18
493,294,70,4,2.37,4.5,7.69,1,53.0
140,276,108,1,3.5,3.5,9.12,0,78.0
388,302,101,2,4.88,2.88,8.36,0,51.01
149,339,116,4,0.25,3.5,9.8,1,96.0
387,314,98,1,1.86,2.54,7.84,0,47.9
33,291,93,4,3.0,3.94,9.4,1,91.0
9,306,93,1,2.05,1.81,8.12,0,47.51
97,288,100,2,3.0,2.67,8.0,0,
372,295,94,1,1.99,2.0,7.77,0,49.01
179,309,112,3,1.15,3.0,6.91,0,72.0
109,331,109,5,5.0,3.23,6.73,1,93.0
301,309,106,2,1.38,2.41,8.0,0,62.0
370,301,106,1,2.0,3.0,9.11,1,67.0
457,269,100,2,2.0,2.0,7.88,0,51.0
42,316,90,2,3.5,2.5,9.57,1,49.0
387,302,101,2,2.5,0.91,7.7,0,46.0
2,304,107,4,1.28,4.5,8.87,1,76.0
248,311,105,2,4.69,2.34,8.48,0,71.0
474,316,117,2,4.0,3.5,8.15,0,67.0
299,330,114,3,4.5,4.5,9.24,1,90.0
94,301,97,2,2.85,2.93,7.85,0,40.36
49,321,110,3,3.5,5.0,8.85,1,82.0
283,312,106,3,4.0,3.5,8.79,1,81.0
258,324,115,3,4.0,0.75,8.64,1,78.0
332,298,96,2,2.34,1.58,7.85,0,45.01
152,332,116,5,3.01,5.0,6.9,1,141.0
456,299,100,2,4.92,1.99,7.88,0,52.0
347,303,100,1,4.27,0.22,7.63,0,
53,334,84,4,4.0,3.98,8.0,1,78.0
2,309,107,4,4.0,4.5,8.87,1,76.0
55,322,110,3,1.35,3.5,8.0,0,70.0
433,324,112,4,4.5,4.0,9.22,1,86.0
122,290,103,3,1.95,2.45,7.5,0,48.52
232,263,117,3,3.5,2.5,8.33,1,74.0
224,308,77,2,3.0,4.0,8.45,0,71.0
107,290,92,4,4.5,4.5,9.18,1,87.0
130,263,95,5,5.0,5.0,9.35,1,92.0
433,260,89,4,4.5,4.0,8.65,1,86.0
78,288,74,2,2.87,2.49,8.22,0,64.0
460,329,106,4,1.6,3.5,8.27,1,89.0
216,330,74,5,5.0,4.5,9.36,1,93.0
290,306,104,3,4.0,3.5,9.0,0,79.0
92,299,97,2,3.87,3.5,7.66,0,41.06
346,304,104,1,1.5,2.0,7.63,0,47.5
355,303,98,2,2.5,3.0,7.67,0,59.0
56,320,103,3,3.0,3.16,7.39,0,64.0
59,278,119,1,3.41,3.61,6.8,1,36.0
492,297,117,4,3.0,3.5,7.81,0,54.0
422,321,81,3,1.68,4.5,6.77,1,77.0
409,297,112,3,1.99,4.0,7.67,1,57.0
280,304,96,2,0.54,4.0,8.73,0,67.0
346,300,96,2,1.5,2.0,7.52,0,70.5
79,293,93,1,1.19,2.0,7.43,0,45.0
225,305,105,2,1.67,0.61,8.23,0,67.0
303,322,99,2,1.22,2.34,8.45,1,65.0
178,329,118,4,4.5,2.05,8.25,1,91.48
219,274,110,4,0.44,3.5,8.97,1,84.0
437,310,110,1,1.5,4.0,7.23,1,58.0
342,297,94,1,2.34,1.66,7.89,0,47.06
189,331,115,5,4.5,3.7,9.38,1,93.5
15,276,104,3,3.5,3.38,7.97,1,61.0
416,316,116,3,3.32,4.05,7.77,0,50.5
376,298,100,1,1.81,2.31,8.24,0,42.58
373,336,119,4,4.5,4.0,9.62,1,95.0
296,317,100,2,3.0,2.5,8.57,0,68.0
365,313,102,3,1.65,4.0,8.9,1,77.0
421,299,98,3,2.0,1.7,7.42,0,42.0
372,295,108,1,1.83,2.0,7.77,0,49.01
100,271,113,3,4.0,4.3,8.88,1,79.0
224,290,70,2,3.0,4.0,8.45,0,71.0
403,299,109,3,3.5,3.0,8.94,1,78.0
378,312,97,2,2.0,2.76,9.69,0,49.27
486,311,101,2,2.5,3.5,8.34,1,70.0
408,287,112,3,2.5,4.0,8.33,1,58.0
488,327,115,4,3.87,4.0,8.64,0,79.0
334,319,114,3,2.9,3.94,8.54,1,71.0
69,318,107,3,3.5,4.0,9.22,1,68.0
107,330,111,4,4.37,4.5,9.22,1,88.96
400,333,117,4,5.0,4.0,9.66,1,95.0
315,305,105,2,3.0,4.0,8.13,0,66.0
58,299,99,2,3.03,2.17,8.3,0,46.5
79,302,98,2,2.62,2.38,7.72,1,47.24
95,302,89,3,2.16,2.72,7.86,0,43.0
398,330,108,4,5.0,2.46,6.47,1,91.0
133,309,117,5,2.72,3.63,8.56,0,71.0
79,294,93,1,2.07,2.0,7.43,0,45.0
377,297,96,2,2.5,2.0,9.26,0,34.0
424,330,95,5,4.63,5.0,9.51,1,92.48
144,312,114,4,4.5,2.75,9.92,1,97.0
285,340,112,4,5.0,4.5,8.22,1,94.0
347,303,100,1,1.37,1.75,7.34,0,
59,309,73,1,0.23,0.33,6.13,0,39.02
363,338,76,5,4.5,5.0,9.23,1,91.0
38,295,105,1,1.0,2.0,8.01,0,58.0
459,312,77,1,0.27,3.0,8.53,1,69.0
43,313,107,2,0.86,0.0,8.5,1,53.0
245,314,116,2,2.5,4.0,8.56,0,63.0
345,295,119,2,1.5,2.0,7.34,0,47.0
96,304,100,4,1.5,2.5,7.84,0,42.0
391,314,81,2,2.0,2.5,8.24,0,64.0
58,299,99,2,4.0,2.17,7.7,0,46.5
152,332,116,5,3.18,5.0,9.28,1,94.0
396,324,110,3,0.05,4.19,9.04,1,82.0
139,326,98,2,4.5,3.0,9.08,1,80.0
23,290,116,5,5.0,3.48,7.28,1,94.0
310,308,110,4,3.5,3.17,7.69,0,70.0
362,334,116,4,4.0,3.22,9.74,1,93.0
59,300,99,1,3.0,2.0,6.8,1,36.0
405,311,69,3,2.0,2.5,7.64,1,62.0
172,270,75,4,4.09,0.92,9.09,1,89.5
445,326,114,5,4.3,5.0,9.15,1,91.5
57,285,114,3,2.0,3.0,7.4,0,64.0
215,311,117,4,0.21,2.62,8.26,1,94.0
415,321,110,4,1.84,0.67,9.88,1,72.0
421,290,119,3,2.0,3.0,7.42,0,42.0
430,340,87,5,0.18,4.5,9.06,1,95.0
347,303,96,1,1.48,0.01,7.07,0,44.67
141,329,110,2,4.0,1.12,9.15,1,84.0
92,299,97,3,4.63,3.38,7.66,0,
417,315,104,3,3.95,4.32,8.1,0,65.0
379,277,97,2,2.5,2.36,7.56,0,40.14
175,320,111,4,4.31,3.69,7.53,1,
395,329,114,4,4.5,4.0,9.23,1,89.0
330,297,94,1,1.12,4.9,7.41,0,45.53
259,314,116,4,0.67,4.18,8.76,1,77.0
438,317,71,1,4.15,3.5,7.65,1,61.0
477,298,104,3,2.5,4.75,8.12,0,62.0
292,300,98,1,1.13,3.45,7.86,0,50.5
115,311,89,3,1.56,3.0,8.45,1,59.0
242,290,103,2,2.5,4.38,8.15,0,
132,311,95,2,1.46,2.22,7.87,0,47.03
331,327,84,3,3.5,3.0,8.66,1,80.0
416,316,102,3,0.18,2.0,9.78,0,50.5
57,316,102,3,2.0,0.76,7.4,0,
111,271,102,3,2.2,1.42,7.61,0,45.01
412,259,79,2,2.5,0.03,8.13,0,56.0
436,309,107,2,2.5,0.76,7.68,0,55.0
376,300,103,2,2.23,0.81,7.55,0,36.02
234,304,89,2,1.17,3.5,7.54,0,64.0
357,327,76,3,3.5,4.0,8.77,1,79.0
98,331,120,3,4.0,1.14,8.96,1,86.0
499,312,103,4,4.0,0.05,8.43,0,73.0
30,310,110,2,2.96,3.15,7.3,0,54.0
36,320,110,5,0.4,0.11,9.2,1,
93,286,97,3,3.93,3.19,7.72,0,40.04
423,322,112,4,3.5,2.53,9.02,1,73.0
151,334,101,4,4.0,4.0,9.82,1,93.0
346,304,119,2,0.3,2.0,7.52,0,70.5
330,297,96,1,2.46,1.52,7.87,0,46.03
93,300,97,2,3.21,3.05,7.86,0,41.03
35,331,108,5,4.45,5.0,9.8,1,94.0
335,312,107,4,4.5,4.0,8.82,1,73.0
45,326,113,5,4.5,4.7,8.7,1,91.0
346,316,118,1,1.5,2.0,7.43,0,49.0
56,309,101,2,2.88,2.76,8.05,0,50.54
59,302,99,2,3.59,0.31,7.8,0,47.02
59,309,110,1,2.14,2.0,9.18,0,39.02
72,336,112,5,5.0,5.0,9.76,1,96.0
354,300,108,3,3.5,2.5,8.17,0,63.0
145,325,112,2,3.0,3.5,8.96,1,80.0
299,330,114,3,4.5,4.5,9.24,1,90.0
155,269,80,3,3.0,3.5,8.89,0,80.0
190,322,110,4,4.26,3.76,8.42,1,86.9
59,265,119,1,2.18,0.78,8.28,0,41.59
84,322,115,5,4.0,4.16,9.36,1,92.0
384,299,100,1,2.25,3.32,9.34,0,46.5
495,301,99,3,2.5,2.0,8.45,1,68.0
143,276,115,5,4.0,3.5,9.44,1,92.0
493,257,101,4,2.5,4.5,7.69,1,53.0
146,339,118,4,4.25,3.75,9.86,1,
432,320,108,2,1.16,3.5,8.16,1,73.0
94,301,100,2,3.29,3.88,7.77,0,35.0
418,316,81,3,3.5,2.5,7.68,0,52.0
74,314,100,4,4.5,4.0,9.04,1,84.0
500,327,113,4,2.76,4.41,9.04,0,84.0
143,337,104,3,4.5,2.67,9.74,1,93.37
41,308,86,3,2.1,3.0,8.0,1,46.0
230,324,111,4,2.64,1.4,9.01,1,82.0
76,329,114,2,2.0,4.0,8.56,1,72.0
270,327,113,4,4.59,3.09,9.19,0,85.9
281,334,113,4,4.83,4.5,9.56,1,91.43
248,271,108,2,2.5,3.5,8.48,0,71.0
382,319,105,3,3.0,3.5,8.67,1,73.0
217,322,112,4,4.5,2.21,9.26,1,91.0
378,267,82,1,1.5,2.0,7.56,0,47.0
187,317,77,3,0.39,3.0,8.68,1,84.0
435,306,70,3,3.5,3.0,8.21,0,64.0
313,311,107,4,1.05,4.5,9.0,1,78.0
9,302,114,1,2.0,1.5,8.0,0,50.0
472,298,98,2,2.13,3.38,7.33,0,49.05
442,332,112,1,1.5,3.0,8.66,1,79.0
36,304,106,2,2.86,2.84,7.84,1,45.01
194,336,107,5,3.13,2.28,9.53,1,94.0
237,325,112,4,4.0,4.5,9.17,1,85.0
238,261,114,5,4.5,1.2,9.19,1,86.0
79,294,93,1,2.11,2.0,7.43,0,45.0
305,265,108,2,2.5,4.01,8.43,0,62.0
444,303,118,2,3.5,1.74,7.7,0,49.02
387,300,73,2,2.31,3.22,7.66,0,47.8
446,328,116,5,1.4,5.0,9.08,1,91.0
338,332,118,5,5.0,5.0,8.47,1,
465,298,72,2,0.59,3.0,7.21,0,45.0
146,320,113,2,2.0,2.12,8.64,1,81.0
196,307,91,2,3.0,3.5,8.37,1,78.0
390,304,76,3,3.5,4.0,8.44,1,76.0
118,290,104,4,4.57,2.5,7.46,0,45.0
451,323,116,3,4.81,4.51,8.25,1,86.43
235,329,95,5,4.99,4.0,9.31,1,89.47
94,298,117,2,2.85,2.93,7.85,0,40.36
41,311,107,2,3.0,1.42,8.1,1,47.51
244,325,105,3,2.65,0.72,9.04,1,76.0
402,315,73,2,1.98,3.63,8.34,0,66.0
106,316,96,3,4.0,3.22,6.26,1,
276,265,82,3,3.5,2.75,8.96,1,78.0
235,330,71,5,5.0,4.0,9.31,1,91.0
42,313,101,2,2.5,2.16,8.41,1,51.0
478,309,105,4,3.5,2.0,8.18,0,65.0
60,286,99,2,3.99,3.19,8.09,0,47.0
41,310,101,2,3.25,2.92,8.05,1,47.5
84,308,94,3,1.63,2.86,7.92,0,43.05
109,331,116,5,5.0,5.0,9.38,1,93.0
92,299,97,3,0.21,3.4,7.66,0,37.0
286,274,94,5,4.0,3.97,8.1,1,93.0
472,311,117,3,1.59,4.0,9.65,0,64.0
470,320,116,4,4.0,3.98,9.26,1,86.5
60,299,99,2,4.08,2.98,8.09,0,47.0
445,301,101,1,2.35,3.59,7.71,0,46.97
135,333,113,5,4.0,0.88,7.19,1,89.0
292,300,73,2,3.67,2.0,7.87,0,56.0
151,298,114,4,2.75,4.0,9.43,1,93.0
79,273,88,1,2.29,1.71,7.45,0,45.0
354,279,70,3,3.5,2.5,8.17,0,63.0
371,300,95,1,2.0,2.2,7.79,0,44.55
427,312,106,3,3.0,1.31,8.57,0,
352,325,110,4,3.86,4.0,8.67,1,73.0
95,277,74,2,3.74,3.19,7.87,0,43.06
163,318,109,3,3.0,3.0,8.5,0,67.0
79,296,95,2,3.0,2.0,7.54,1,44.0
403,307,101,3,3.5,0.26,8.94,1,78.0
342,297,110,1,2.34,0.98,7.89,0,47.06
285,340,100,4,5.0,0.14,7.53,1,94.0
237,326,81,4,4.14,1.83,9.34,1,85.5
9,285,102,1,2.0,1.5,8.0,0,
377,293,97,1,2.01,1.83,7.49,0,41.66
195,316,109,3,3.5,3.0,8.31,0,77.0
475,308,108,4,4.36,3.42,7.95,1,67.0
95,303,83,3,0.27,2.5,7.83,0,39.03
119,296,99,2,3.0,3.5,7.28,0,47.0
326,326,77,3,3.5,4.0,9.14,1,81.0
50,327,111,4,3.0,4.0,8.4,1,78.0
17,317,106,3,4.0,3.0,8.7,0,66.0
274,290,99,1,2.98,1.5,8.01,1,52.0
28,295,93,1,2.0,1.98,7.23,0,48.0
58,301,100,2,3.42,2.0,7.8,0,44.02
60,310,106,2,1.77,2.37,6.89,0,45.03
350,313,105,3,2.5,3.0,6.61,0,62.0
24,334,105,5,4.91,4.5,9.7,1,95.0
40,311,106,2,3.33,3.05,7.92,0,48.5
45,326,99,5,4.5,4.81,9.4,1,91.0
271,306,119,2,2.5,3.0,9.26,1,72.0
246,328,89,4,4.0,2.5,6.95,1,81.0
40,307,108,2,3.38,2.63,9.32,0,
301,311,106,2,2.5,2.5,8.0,0,62.0
146,320,118,2,2.0,2.32,6.2,1,81.0
157,315,105,3,3.7,3.46,8.34,0,70.0
270,308,93,4,4.5,0.51,8.34,0,77.0
118,288,99,2,2.87,2.29,7.3,0,
314,301,112,3,3.5,3.0,8.04,0,67.0
475,296,100,2,2.25,3.01,7.74,0,45.09
284,285,116,3,2.5,3.0,8.9,1,80.0
118,295,99,2,2.97,3.47,8.34,0,46.0
70,328,77,4,3.82,4.0,9.16,1,78.0
407,322,71,4,4.37,2.5,8.02,1,61.0
339,323,108,5,4.0,4.0,8.74,1,81.0
467,314,99,4,3.5,4.5,8.11,1,71.0
364,306,80,2,3.0,3.0,8.36,0,69.0
483,328,110,4,4.63,2.5,6.18,1,83.0
321,317,106,3,4.0,3.5,8.5,1,75.0
60,305,99,2,1.24,1.06,7.93,0,47.01
289,314,104,4,5.0,5.0,9.02,0,82.0
71,332,80,5,4.15,3.94,9.64,1,94.0
45,326,103,5,4.25,4.99,9.4,1,91.0
3,316,104,3,3.0,3.11,8.0,1,72.0
11,325,106,3,3.5,4.0,8.4,1,52.0
372,324,96,3,3.5,3.0,9.22,1,89.0
40,311,108,2,4.0,3.17,7.7,0,48.0
11,325,106,3,3.5,3.58,8.4,1,52.0
75,336,112,5,4.88,4.88,9.69,1,94.99
267,308,114,4,2.3,4.89,9.18,0,
347,257,107,1,1.02,1.03,7.06,0,44.51
65,285,101,3,3.0,3.5,8.7,0,52.0
423,257,84,2,2.0,2.91,7.45,0,47.29
231,292,117,3,4.0,4.5,8.65,0,73.0
160,297,119,1,1.5,2.16,8.47,0,52.5
417,315,104,3,4.0,3.76,8.1,0,65.0
361,321,102,2,4.5,1.74,8.56,0,84.81
457,291,108,2,2.0,2.0,7.88,0,51.0
206,295,99,2,2.5,3.0,7.65,0,57.0
329,324,112,4,3.76,3.5,8.77,1,80.0
487,319,106,3,2.5,1.63,8.37,0,68.0
263,308,102,2,2.5,3.48,7.68,1,70.0
393,326,111,4,4.0,3.5,9.12,1,84.0
401,331,81,4,4.66,3.83,9.51,1,92.96
57,282,112,3,2.0,3.0,7.4,0,64.0
346,314,97,1,1.5,1.87,7.45,0,48.02
308,290,112,4,0.98,3.71,9.0,1,80.0
419,275,106,2,2.5,2.76,8.03,0,60.0
347,297,94,1,1.11,1.22,7.34,0,44.52
112,263,118,4,4.0,4.0,8.68,1,69.0
465,298,80,2,2.0,3.0,7.21,0,45.0
162,277,99,1,1.5,4.67,6.55,0,53.0
441,305,104,2,2.5,1.5,7.79,0,53.0
42,313,106,2,2.5,2.15,8.41,1,51.0
360,321,105,2,2.0,2.72,8.16,0,81.0
473,327,113,4,4.85,4.5,9.48,1,90.0
203,340,89,5,2.11,4.5,9.91,1,97.0
132,262,105,5,1.82,0.12,8.65,0,77.0
16,314,78,3,3.5,4.62,8.3,0,54.0
440,312,117,2,0.12,4.22,8.46,0,66.0
28,298,98,1,1.53,1.09,7.6,0,
477,304,104,3,3.71,2.0,8.12,0,62.0
42,315,105,2,2.5,2.36,8.28,1,51.02
337,319,76,3,3.0,2.5,6.24,0,72.0
446,328,102,5,4.5,0.49,6.54,1,91.0
204,334,111,5,0.42,5.0,9.87,1,97.0
27,322,84,5,4.5,1.43,8.8,0,76.0
388,303,105,2,1.25,3.67,8.1,0,53.0
363,338,115,5,4.49,5.0,9.23,1,91.0
212,277,96,4,5.0,1.76,9.14,1,82.0
400,333,117,4,3.34,4.0,7.32,1,95.0
104,300,119,2,4.5,4.87,7.03,0,57.0
328,295,70,2,0.3,3.1,7.86,0,69.0
61,309,100,2,3.0,1.82,8.1,0,48.0
294,289,98,1,2.84,2.77,8.18,1,
79,302,77,2,3.0,2.0,7.54,1,44.0
392,318,106,3,2.0,3.0,8.65,0,71.0
166,258,110,5,4.5,4.0,8.97,0,78.0
202,315,110,2,3.5,3.0,6.88,1,72.0
444,301,101,1,2.23,1.9,7.77,0,45.96
96,305,99,2,1.63,3.12,7.9,0,44.93
476,264,101,3,3.5,4.44,7.88,0,59.0
451,320,84,4,3.0,4.5,8.86,1,82.0
350,313,101,3,2.5,0.22,8.04,0,62.0
186,327,99,4,4.5,1.0,9.11,1,89.0
107,329,96,4,4.5,4.5,8.39,1,87.0
372,324,110,3,3.5,3.0,9.14,1,89.0
118,290,104,4,2.0,2.5,7.46,0,45.0
14,323,102,2,3.33,3.76,8.36,1,49.55
253,318,100,2,2.5,3.5,8.54,1,71.0
16,314,105,3,3.5,2.5,8.3,0,54.0
95,302,98,3,2.14,2.65,6.26,0,40.39
312,262,108,4,1.84,4.0,9.18,1,84.0
424,334,75,5,4.5,5.0,9.54,1,94.0
131,300,99,2,1.5,0.6,7.64,0,
396,324,110,3,3.5,1.68,9.04,1,82.0
240,299,100,1,1.5,0.78,6.75,0,59.0
391,314,102,2,2.0,4.53,8.24,0,64.0
59,278,98,1,3.0,2.31,7.2,0,42.12
359,314,113,2,2.5,1.75,7.64,0,70.0
438,306,103,2,2.59,1.55,8.35,0,52.5
264,324,84,3,4.72,1.5,8.79,1,70.0
360,321,107,2,4.59,0.5,8.44,0,81.0
173,322,120,4,4.0,0.26,7.59,1,87.47
93,300,120,2,3.16,2.87,6.66,0,39.5
346,313,97,1,1.5,3.1,7.48,0,48.0
404,302,99,2,2.56,3.05,7.5,0,49.01
483,279,113,4,4.0,3.3,8.77,1,83.0
281,317,108,3,2.84,3.86,9.0,1,84.81
259,326,109,4,5.0,5.0,8.76,1,77.0
384,279,96,2,1.89,2.0,7.66,0,46.0
371,305,98,1,2.64,1.11,8.99,0,45.12
213,301,120,4,5.0,5.0,9.66,1,95.0
17,317,107,3,4.0,3.59,8.7,0,66.0
52,312,100,2,1.5,3.5,7.9,1,56.0
486,311,102,2,2.5,2.91,8.61,1,70.0
494,265,95,2,3.0,0.73,8.22,1,62.0
189,331,114,5,4.5,3.5,9.36,1,93.0
131,300,79,2,2.06,2.77,7.64,0,47.54
25,279,102,5,4.57,3.44,9.8,1,97.0
352,262,110,4,3.5,4.0,8.67,1,73.0
472,298,97,2,3.06,3.38,7.33,0,49.05
10,292,106,3,3.12,3.77,6.72,0,46.7
93,298,110,2,3.98,3.0,8.98,0,41.19
4,303,116,4,2.85,3.55,9.45,1,90.99
382,305,98,2,2.5,2.89,7.75,0,40.12
98,331,102,3,4.0,4.0,8.96,1,86.0
375,312,103,2,2.0,4.74,7.65,0,38.5
404,330,100,4,4.0,2.86,9.23,1,91.0
376,300,98,2,2.44,2.27,7.55,0,36.02
197,306,89,2,4.02,2.5,8.26,0,73.0
203,337,106,5,4.32,4.68,9.9,1,145.5
184,314,116,3,4.0,4.41,8.8,0,75.0
347,301,94,1,3.63,3.83,7.35,0,45.53
375,287,101,2,2.0,2.5,7.66,0,38.25
218,321,109,4,4.0,4.0,9.13,1,85.0
425,279,114,5,3.7,5.0,9.46,1,91.0
18,319,106,3,4.0,3.0,8.0,1,
363,338,87,5,1.72,5.0,9.23,1,91.0
62,307,118,3,0.02,2.34,8.4,0,47.0
210,301,104,3,3.66,4.0,8.12,1,68.0
376,304,101,2,2.06,3.1,7.66,0,38.0
496,332,119,5,2.14,0.68,8.97,1,87.0
82,258,120,4,5.0,5.0,8.23,1,96.0
434,267,111,4,4.0,5.0,8.54,0,71.0
398,330,73,4,4.89,4.5,9.45,1,91.0
268,314,107,3,4.29,3.5,8.17,1,73.0
160,297,100,1,1.62,2.0,7.9,0,52.0
387,302,101,2,0.77,3.5,7.3,0,46.0
96,267,100,4,1.5,2.5,7.84,0,42.0
59,302,107,1,3.48,2.31,7.2,0,42.12
133,309,108,5,3.5,4.9,8.56,0,71.0
266,313,102,3,2.5,2.5,8.68,0,
216,266,104,4,4.52,4.05,9.26,1,91.99
312,328,117,4,4.5,4.0,9.18,1,84.0
174,321,93,4,4.0,1.94,8.98,1,86.5
89,314,108,3,0.4,4.48,8.14,0,64.0
384,308,113,2,2.5,2.38,7.52,0,40.82
39,304,115,1,3.0,0.79,7.5,0,52.0
56,309,101,2,3.81,0.52,8.19,0,50.54
350,313,114,3,1.04,3.0,8.04,0,62.0
125,301,113,4,2.5,3.0,8.47,0,57.0
249,294,113,3,3.5,4.0,8.87,1,80.0
41,311,99,2,3.0,2.75,8.1,1,47.51
428,323,82,4,4.19,4.61,9.61,1,88.9
295,267,93,2,2.5,2.0,8.32,1,61.0
262,312,77,3,3.5,4.0,8.09,0,71.0
316,327,110,3,4.19,3.83,9.17,1,82.47
37,299,110,2,4.0,4.0,8.93,0,64.0
301,309,103,2,2.5,2.5,8.0,0,62.0
377,304,72,2,2.0,2.59,7.7,0,47.8
406,302,99,3,2.71,3.0,7.45,0,52.0
92,298,97,2,4.58,4.29,7.71,0,36.5
357,327,102,3,3.5,0.18,8.77,1,79.0
203,340,120,5,0.03,4.5,9.91,1,97.0
184,314,78,3,4.0,4.0,8.8,0,75.0
240,299,100,1,4.37,2.0,7.89,0,59.0
148,326,114,3,3.0,4.77,9.11,1,83.0
191,323,111,5,4.5,4.2,9.13,1,87.95
313,311,113,4,4.5,4.5,9.0,1,78.0
120,327,104,5,3.0,3.5,8.84,1,71.0
42,316,92,2,2.5,1.52,8.2,1,49.0
331,298,104,1,2.4,1.55,9.76,0,46.03
36,302,71,1,2.49,1.5,7.5,0,48.11
93,296,97,2,3.7,3.0,7.99,0,
375,282,113,2,2.56,2.5,7.65,0,39.0
454,298,69,3,2.5,2.49,8.76,1,73.0
111,305,108,5,3.8,3.0,8.48,0,61.0
244,325,86,3,3.5,3.0,8.02,1,
28,297,97,1,0.78,1.11,7.49,0,45.01
417,316,102,3,2.68,3.96,7.72,0,50.51
80,294,93,1,1.5,4.42,7.36,0,46.0
9,302,102,1,0.9,1.5,8.0,0,50.0
320,327,113,4,3.5,4.94,8.69,1,80.0
389,296,97,2,1.5,2.0,7.8,0,49.0
143,331,115,5,4.0,1.07,9.44,1,138.0
450,315,101,3,3.5,1.73,9.12,0,79.0
411,301,96,1,4.3,4.0,7.56,0,54.0
131,339,114,5,4.0,2.27,9.76,1,96.0
368,264,90,1,3.48,2.5,6.19,0,57.0
14,320,108,2,2.07,3.08,8.46,0,46.51
346,313,114,1,4.8,2.0,7.47,0,48.5
385,340,113,4,5.0,5.0,9.74,1,96.0
201,317,103,3,2.5,3.0,8.54,1,73.0
141,331,114,5,4.21,3.18,9.41,1,90.48
66,274,112,4,1.98,0.14,9.51,0,55.0
339,323,104,5,4.0,4.0,8.74,1,81.0
215,330,116,4,4.59,4.91,9.41,1,93.5
40,307,108,2,4.0,3.5,7.7,0,48.0
375,292,91,1,1.63,2.0,7.64,0,49.01
273,294,117,1,1.5,2.21,7.64,0,
441,304,103,1,2.48,3.48,7.78,0,45.41
383,324,110,4,4.5,4.0,8.67,1,
352,325,100,4,0.51,4.02,8.67,1,73.0
239,310,72,3,2.0,3.74,8.37,0,70.0
252,316,90,2,2.5,3.0,9.0,0,70.0
192,291,106,5,4.0,5.0,8.98,1,130.5
71,265,95,5,5.0,2.86,9.64,1,94.0
479,285,103,3,4.0,1.18,8.49,1,71.0
62,307,101,3,2.97,4.63,8.2,0,47.0
11,282,105,3,3.5,2.96,8.4,1,52.0
40,307,109,2,1.87,4.75,7.93,0,47.0
338,300,103,5,5.0,5.0,9.47,1,94.0
213,338,120,4,3.5,5.0,9.66,1,95.0
189,275,113,5,1.93,3.5,9.36,1,93.0
94,301,97,2,2.21,4.86,7.8,1,
360,321,100,2,2.0,1.68,8.44,0,81.0
153,264,112,5,5.0,4.21,9.06,1,86.0
361,322,110,3,4.0,5.0,8.64,1,85.0
218,324,107,4,3.16,3.24,8.99,1,
317,298,74,2,4.35,2.0,7.86,0,54.0
215,308,117,4,4.5,5.0,9.42,1,94.0
398,330,116,4,1.18,4.5,9.45,1,91.0
417,307,96,3,2.47,2.53,7.66,0,45.53
154,288,105,3,3.0,1.56,9.55,0,79.0
56,320,109,2,2.8,2.9,8.62,0,52.5
317,298,101,2,1.5,2.0,7.86,0,54.0
144,340,120,4,4.5,4.0,7.27,1,97.0
60,311,97,2,2.0,2.0,8.3,0,42.0
256,311,108,4,4.0,4.5,8.37,0,79.0
31,300,94,2,3.0,3.0,8.1,1,65.0
319,324,111,3,2.5,2.0,8.8,1,79.0
479,270,113,3,4.65,4.5,8.49,1,71.0
231,290,111,3,4.0,4.5,8.65,0,73.0
475,279,84,2,0.41,2.51,7.63,0,45.09
158,275,105,2,2.0,2.5,8.26,0,65.0
320,296,116,1,2.33,1.5,6.89,0,46.03
386,282,119,5,5.0,5.0,9.82,1,96.0
185,269,106,2,2.5,4.0,8.32,0,72.0
381,322,104,3,3.5,0.84,8.84,1,78.0
373,336,83,4,0.63,4.58,9.62,1,95.0
433,324,117,4,4.5,4.0,6.77,1,86.0
84,309,115,3,1.83,4.51,7.92,0,43.05
265,325,110,2,3.0,2.5,8.76,1,75.0
61,316,106,2,1.33,2.56,8.45,0,47.03
330,297,96,1,4.47,1.52,7.87,0,46.03
102,312,105,2,2.5,3.41,8.12,0,64.0
14,307,73,3,4.0,0.99,9.12,1,62.0
41,304,110,3,3.5,4.49,8.0,1,46.0
69,318,108,3,3.5,4.0,9.22,1,68.0
414,317,101,3,2.78,2.0,7.94,1,49.0
214,333,119,5,5.0,4.5,9.78,1,96.0
298,295,120,3,4.0,4.5,9.11,0,86.0
10,324,106,3,3.5,3.92,9.38,0,
72,336,102,5,5.0,5.0,9.76,1,96.0
370,297,92,1,1.97,2.06,7.85,0,47.13
347,302,116,1,1.39,2.25,7.57,0,45.73
114,320,89,2,4.0,3.5,8.56,0,72.0
378,290,113,1,1.5,2.0,7.56,0,47.0
46,322,103,5,5.0,0.28,9.1,1,88.0
111,295,102,3,2.33,2.26,7.64,0,46.51
42,313,120,2,1.02,2.03,8.48,1,51.01
43,313,96,2,2.44,2.0,8.5,1,53.0
241,263,113,1,2.5,3.0,7.68,0,
496,332,76,5,4.5,4.0,9.02,1,87.0
82,319,109,4,2.88,4.44,9.2,1,87.82
156,288,109,3,2.45,1.82,8.69,0,77.0
454,325,97,4,4.35,4.2,9.28,1,133.5
92,299,97,3,4.63,3.38,7.66,0,37.01
159,306,106,2,0.24,0.28,8.14,0,61.0
85,302,103,3,1.85,2.85,7.97,0,46.02
36,312,108,1,2.71,1.6,7.5,0,48.11
307,323,110,3,0.15,5.0,9.1,1,79.0
445,265,113,5,4.0,0.41,9.45,1,92.0
367,320,104,3,3.5,4.5,8.34,1,74.0
171,312,120,2,2.5,1.51,8.04,1,68.0
378,280,97,2,2.44,2.19,7.52,0,43.61
20,327,119,4,4.73,3.81,9.37,1,88.72
93,283,95,2,3.98,3.76,8.03,0,41.19
229,291,112,3,4.0,3.5,8.67,0,71.0
34,300,100,1,2.66,2.44,7.55,0,69.0
473,298,100,2,2.34,3.14,7.79,0,52.0
418,316,103,3,3.32,2.0,7.68,0,52.0
207,297,73,2,3.5,3.0,6.27,0,63.0
479,318,103,3,0.34,2.88,8.49,1,71.0
80,313,106,1,1.5,2.0,7.36,0,46.0
191,324,82,5,4.5,4.0,9.16,1,90.0
493,298,101,4,2.5,0.42,7.69,1,53.0
41,276,110,3,3.5,3.0,8.0,1,
338,330,75,5,4.67,4.78,9.29,1,87.02
48,339,119,5,4.5,4.0,9.7,0,89.0
146,320,113,2,1.84,1.12,8.64,1,81.0
40,310,105,1,2.72,3.91,9.02,0,50.5
457,298,84,1,2.0,1.04,7.81,0,44.14
319,324,91,3,2.5,3.85,9.63,1,79.0
347,297,94,1,1.17,1.33,7.34,0,44.52
387,302,101,2,2.5,3.5,7.96,0,46.0
236,326,111,5,4.5,4.0,9.23,1,88.0
112,293,94,4,1.88,2.5,7.55,0,43.61
176,313,105,4,2.64,1.83,8.87,1,85.0
458,295,99,1,1.72,3.94,7.57,0,37.0
273,287,98,1,1.01,1.5,8.0,0,50.5
145,325,88,2,2.37,3.5,8.17,1,80.0
345,295,70,2,0.54,3.77,7.34,0,47.0
93,298,78,2,4.0,1.45,8.03,0,34.0
81,312,105,3,2.0,0.73,8.02,1,50.0
440,296,112,1,2.0,2.22,7.5,0,39.52
59,302,99,1,3.0,2.28,7.16,0,42.17
265,325,88,2,2.92,2.5,8.76,1,75.0
376,300,119,2,2.22,3.86,7.56,0,36.01
80,294,93,1,3.61,0.1,9.67,0,46.0
72,336,112,5,4.96,2.08,9.74,1,94.99
170,311,105,2,1.71,2.75,7.98,0,65.0
379,298,97,2,2.5,2.36,7.56,0,40.14
136,314,109,4,4.37,3.4,8.77,1,82.0
261,327,108,5,2.04,3.5,9.13,1,87.0
402,315,110,2,3.0,3.0,6.67,0,66.0
84,295,86,5,4.0,4.5,9.36,1,92.0
117,299,98,3,1.59,3.5,8.62,0,56.0
155,326,108,3,3.0,3.5,8.89,0,80.0
269,327,113,4,4.5,5.0,9.14,0,83.0
71,332,118,5,5.0,0.61,9.64,1,94.0
374,314,118,1,4.45,4.47,7.65,0,45.08
485,262,106,3,3.5,3.0,7.89,1,73.0
128,319,112,3,2.5,2.0,8.71,1,78.0
14,320,108,2,3.58,3.08,8.71,0,46.51
426,313,111,5,3.85,5.0,9.86,1,92.0
270,308,108,4,4.5,3.67,8.34,0,77.0
404,330,116,4,4.0,4.75,9.23,1,91.0
151,334,115,4,4.0,4.0,9.43,1,93.0
339,323,100,5,3.52,4.0,6.65,1,121.5
347,304,95,2,1.5,3.22,7.64,0,47.0
414,317,110,3,3.0,4.06,7.94,1,49.0
123,310,106,4,1.5,2.5,8.36,0,57.0
227,306,108,2,3.5,4.0,8.45,0,63.0
165,329,69,4,4.5,4.0,9.01,1,81.0
395,329,82,4,2.12,4.0,9.23,1,89.0
63,304,105,2,3.0,3.0,8.2,1,54.0
400,300,98,2,2.19,2.69,7.56,0,50.5
209,305,74,2,3.81,3.0,7.13,0,
497,337,117,5,1.14,5.0,9.87,1,96.0
353,306,100,2,3.0,3.5,8.06,1,64.0
96,304,80,4,1.5,0.38,7.84,0,42.0
27,339,119,4,3.32,2.94,9.56,1,92.48
144,281,90,4,0.93,4.0,9.92,1,97.0
42,313,106,2,3.97,2.03,8.48,1,51.01
218,321,111,4,4.0,1.73,9.13,1,85.0
177,329,119,4,4.5,4.34,7.67,1,90.0
237,325,115,4,0.05,4.25,9.17,1,85.0
223,324,113,4,0.63,4.0,8.79,0,76.0
347,302,95,1,4.52,1.66,7.54,0,44.53
346,316,98,1,1.5,2.81,9.31,0,49.0
121,335,90,5,5.0,5.0,9.56,1,94.0
157,315,105,3,2.0,4.65,8.34,0,70.0
347,275,94,1,1.28,1.55,8.48,0,45.32
333,308,106,3,3.5,2.5,8.21,1,
95,302,110,3,1.65,2.63,7.89,0,38.08
194,336,107,5,4.5,3.23,9.53,1,94.0
236,326,111,5,4.5,1.84,9.23,1,88.0
182,305,117,2,2.5,2.5,8.42,0,71.0
189,296,101,5,4.5,3.5,9.36,1,93.0
390,320,108,3,3.5,4.0,8.44,1,76.0
469,323,110,4,4.0,2.37,8.96,1,85.26
111,293,119,3,1.89,2.5,7.55,0,45.01
339,323,90,5,0.27,4.0,8.74,1,81.0
296,317,100,2,3.0,2.24,8.57,0,68.0
85,309,84,3,1.85,3.69,7.71,0,46.02
332,311,70,2,1.04,3.03,8.12,1,73.0
219,324,116,4,3.0,3.81,8.97,1,84.0
107,334,114,4,3.86,1.99,9.36,1,88.96
267,312,105,2,4.9,4.28,8.45,0,72.0
95,281,75,2,3.23,3.01,7.86,0,42.61
80,294,83,1,1.5,2.0,7.36,0,46.0
42,316,105,2,2.5,0.73,8.2,1,49.0
106,312,100,3,2.27,4.5,8.78,1,69.0
376,304,101,2,2.0,2.5,7.66,0,38.0
11,323,86,2,3.41,3.93,8.36,1,48.64
253,318,103,2,2.1,3.5,8.54,1,71.0
369,298,120,1,2.0,3.3,7.88,0,51.0
21,312,108,3,4.04,2.0,7.9,1,64.0
432,299,100,2,2.0,2.68,7.57,0,46.53
243,324,106,3,2.62,3.0,8.76,1,70.0
51,292,98,3,4.21,3.67,8.3,1,76.0
79,295,94,1,2.29,2.76,7.45,0,45.0
442,332,93,1,1.5,3.51,8.66,1,79.0
407,322,110,4,3.0,2.5,8.02,1,61.0
143,331,115,5,3.46,3.5,9.3,1,92.0
339,311,108,5,4.0,4.0,8.74,1,81.0
345,273,119,1,1.5,2.0,7.43,0,48.0
302,319,108,2,2.5,3.0,8.76,0,66.0
173,322,110,4,4.0,4.47,9.13,1,86.0
285,340,82,4,0.64,2.66,9.66,1,94.0
42,266,107,2,2.5,2.05,8.47,1,52.0
410,310,100,3,2.79,2.81,7.7,0,50.51
345,295,96,2,0.36,4.56,7.34,0,47.0
307,323,110,3,3.68,3.5,9.1,1,79.0
347,299,104,1,1.42,2.89,6.7,0,43.69
128,315,100,2,1.35,2.25,7.87,0,48.47
59,306,82,1,2.42,2.0,7.66,0,39.06
168,313,102,3,4.56,3.0,8.27,0,64.0
422,321,112,3,3.0,4.5,8.95,1,77.0
226,296,118,2,2.5,1.98,6.81,0,61.0
13,276,103,4,4.37,4.5,9.1,1,78.0
444,321,114,5,4.5,4.5,9.16,1,87.0
91,279,114,2,4.0,4.0,7.92,1,64.0
464,304,107,3,3.5,1.76,7.86,0,57.0
285,340,98,4,5.0,4.5,9.66,1,94.0
417,281,113,3,4.16,2.0,7.72,0,50.51
118,294,100,2,2.7,3.2,6.35,0,46.0
426,285,100,5,4.0,3.29,7.41,1,92.0
305,313,118,2,2.5,2.22,8.43,0,62.0
29,295,93,1,2.0,2.0,7.2,0,46.0
94,301,98,2,3.57,2.93,8.02,0,43.13
84,298,96,2,2.66,2.17,7.58,0,
491,307,98,2,2.5,3.91,9.33,1,67.0
75,314,120,3,0.67,0.39,8.9,0,74.0
32,327,103,3,1.86,4.0,8.3,1,74.0
58,292,118,2,4.57,2.0,6.22,0,46.0
106,316,110,3,4.0,4.5,8.78,1,69.0
180,307,102,3,3.0,1.66,8.27,0,73.0
110,304,103,5,5.0,4.0,8.64,0,68.0
117,299,102,3,4.0,4.04,6.49,0,56.0
294,312,98,1,3.5,3.0,8.18,1,64.0
68,316,119,2,3.5,3.5,8.74,1,57.0
23,328,79,5,5.0,5.0,9.5,1,94.0
273,294,69,1,1.5,1.5,7.64,0,49.0
380,311,81,2,2.0,0.46,7.84,0,46.16
319,324,111,3,2.5,2.0,7.01,1,79.0
187,264,112,3,3.5,3.0,8.68,1,84.0
235,330,107,5,5.0,2.95,9.31,1,91.0
219,298,90,4,3.0,3.9,8.97,1,84.0
410,287,96,1,2.0,0.25,8.02,0,61.0
263,308,103,2,2.5,4.0,8.36,1,70.0
9,301,88,1,1.99,1.53,7.99,0,48.46
289,314,103,4,0.76,4.23,6.33,0,82.0
36,263,106,2,2.86,2.84,7.84,1,45.01
338,299,118,5,3.63,0.59,9.11,1,94.0
372,324,71,3,4.98,4.05,9.22,1,89.0
42,313,71,2,4.73,4.98,9.15,1,51.0
218,321,73,4,3.98,3.99,9.13,1,84.5
47,329,114,5,4.0,5.0,9.3,1,86.0
495,301,99,3,4.98,2.0,8.45,1,68.0
376,300,113,2,2.22,2.28,7.56,0,36.01
463,265,101,4,2.79,3.0,8.25,0,62.0
331,299,96,1,4.47,3.25,7.84,0,46.03
93,266,97,2,1.31,3.05,7.86,0,41.03
193,311,114,5,4.5,2.62,8.94,1,
425,325,114,5,4.0,5.0,9.46,1,91.0
326,326,99,3,3.47,4.0,9.14,1,81.0
326,309,116,3,3.5,4.0,9.14,1,81.0
351,318,107,3,0.16,0.59,8.27,1,
448,304,108,3,3.5,5.0,8.97,1,84.0
60,310,91,2,2.37,2.37,8.23,0,45.03
499,327,79,4,3.07,4.54,9.08,0,88.27
312,328,108,4,4.5,2.25,9.18,1,84.0
12,322,105,2,3.34,3.88,8.33,1,48.02
377,294,97,1,2.16,4.09,7.47,0,40.6
139,326,76,2,3.17,2.94,9.08,1,80.0
452,324,79,4,4.5,4.5,9.25,1,89.0
395,329,111,4,4.5,4.0,8.83,1,89.0
418,316,80,3,4.72,2.0,8.26,0,52.0
354,288,71,1,1.68,2.0,7.72,0,49.01
71,332,118,5,5.0,3.65,9.64,1,94.0
13,327,111,4,4.34,4.5,9.06,1,89.16
496,274,99,4,4.5,4.01,9.02,0,85.47
267,312,105,2,0.52,2.5,8.45,0,72.0
397,325,107,3,3.0,1.27,6.46,1,84.0
419,309,101,3,2.88,2.41,7.57,0,47.6
60,311,90,2,2.0,2.0,8.3,0,42.0
9,306,103,1,2.31,1.81,8.12,0,47.51
421,299,100,3,4.52,3.0,7.75,0,42.0
22,263,114,4,3.0,2.0,8.4,0,70.0
92,298,97,2,0.72,3.2,7.17,0,36.01
393,289,112,4,0.42,3.24,9.12,1,84.0
251,320,93,3,3.0,2.75,6.87,1,74.0
415,321,110,4,3.5,4.0,8.35,1,72.0
188,318,114,3,3.77,3.27,8.81,1,86.9
344,305,103,2,3.0,3.5,8.13,0,59.0
83,297,93,2,2.68,3.73,7.58,0,42.19
441,305,104,2,2.5,2.39,7.79,0,53.0
235,305,113,5,2.57,4.0,9.31,1,91.0
127,323,113,3,4.0,4.24,9.32,1,85.0
375,303,100,1,2.0,2.46,7.68,0,44.56
196,289,104,2,4.2,3.5,8.52,1,
240,299,104,1,1.5,2.0,7.89,0,59.0
340,258,89,2,1.31,1.85,7.5,0,45.01
242,317,103,2,2.5,2.0,8.15,0,65.0
488,297,100,3,2.43,4.1,7.67,0,45.09
410,310,109,3,2.89,4.95,7.73,0,50.51
397,325,107,3,2.23,3.51,9.11,1,84.0
387,302,101,2,2.5,3.5,9.69,0,46.0
412,274,99,2,2.5,2.98,6.39,0,56.0
79,262,93,1,1.56,2.01,6.12,0,42.95
322,323,75,3,4.0,4.0,8.44,1,73.0
135,267,82,5,4.0,0.71,9.28,1,89.0
91,309,96,2,4.92,3.44,7.66,0,41.03
208,310,104,3,3.5,4.0,8.02,1,66.0
433,324,112,4,4.5,3.65,6.74,1,86.0
237,325,112,4,3.9,3.95,9.17,1,85.0
495,301,99,3,3.09,2.07,8.45,1,68.0
126,300,100,3,0.49,3.0,8.66,1,64.0
175,320,110,4,4.35,3.96,8.95,1,85.5
47,329,114,5,1.71,5.0,9.3,1,86.0
42,315,78,2,2.07,2.36,7.91,1,51.02
407,301,100,3,2.46,4.68,7.45,0,47.1
197,306,105,2,3.0,2.5,6.56,0,73.0
92,299,97,3,4.18,3.5,9.67,0,57.0
314,301,100,3,3.5,3.0,8.04,0,67.0
416,327,81,4,4.0,2.71,7.57,1,76.0
101,322,114,3,3.5,4.25,8.46,1,71.0
478,309,105,4,2.65,2.0,8.18,0,65.0
335,312,107,4,4.5,4.65,9.47,1,73.0
255,264,114,4,0.13,5.0,9.12,0,85.0
330,297,96,2,2.5,1.5,7.89,0,43.0
118,295,119,2,2.97,3.47,9.6,0,46.0
61,308,104,2,3.12,3.0,8.11,0,47.5
379,296,96,2,2.3,2.0,7.5,0,41.62
463,297,97,1,4.79,2.72,7.1,0,41.59
375,275,102,2,0.2,2.5,7.66,0,38.5
408,305,116,3,2.63,2.74,7.58,0,50.5
369,298,92,1,2.02,0.17,7.88,0,51.0
357,327,101,3,3.5,4.0,8.77,1,79.0
268,314,107,3,3.0,0.52,8.17,1,73.0
105,326,76,3,0.3,2.78,9.05,1,74.0
40,307,109,2,3.82,3.7,7.93,0,47.0
134,333,113,5,2.86,4.08,9.29,1,90.48
26,340,120,5,1.53,3.42,9.47,1,94.0
132,300,89,2,1.5,2.22,7.87,0,47.03
461,296,95,4,3.86,1.4,8.66,1,77.0
236,268,111,4,4.45,4.05,9.22,1,86.47
151,334,114,4,4.0,4.0,8.94,1,93.0
375,315,105,2,2.0,3.44,7.42,0,39.0
478,309,71,4,1.79,4.49,8.18,0,65.0
498,312,120,5,4.5,5.0,9.56,1,93.0
399,312,103,3,3.5,1.97,8.78,0,67.0
376,304,113,2,2.0,2.5,7.66,0,38.0
33,338,118,4,3.0,2.38,9.4,1,136.5
260,331,99,4,5.0,2.72,8.82,1,
33,302,118,4,3.0,0.85,9.4,1,91.0
405,311,120,3,2.0,1.43,7.64,1,62.0
420,308,73,2,2.0,3.5,7.98,1,58.0
234,304,100,2,2.5,3.5,8.07,0,64.0
172,334,70,5,2.66,4.5,9.07,1,89.0
174,296,107,4,4.0,4.17,9.23,1,89.0
380,311,99,1,2.5,2.09,8.43,1,71.0
376,298,118,1,1.81,2.31,7.62,0,42.58
429,316,99,2,3.44,1.02,8.74,0,69.0
410,300,98,1,3.18,2.5,8.02,0,61.0
139,326,116,2,4.5,3.0,9.08,1,80.0
93,298,97,2,3.7,3.0,7.99,0,39.07
426,323,111,5,4.0,5.0,9.86,1,92.0
283,312,106,3,2.17,1.19,8.79,1,81.0
62,307,101,3,0.24,3.0,8.2,0,47.0
97,306,100,2,3.0,3.0,7.85,0,48.0
458,288,99,1,2.0,1.5,7.57,0,37.0
262,312,98,3,3.26,2.74,8.09,0,71.0
471,271,112,5,4.0,4.0,7.03,1,87.0
500,327,110,4,4.5,4.5,9.04,0,84.0
61,309,114,2,3.0,3.0,8.95,0,48.0
84,322,115,5,4.0,4.5,9.36,1,92.0
386,335,116,5,5.0,5.0,9.82,1,96.0
1,257,118,4,4.01,4.5,6.26,1,92.0
193,322,113,5,4.5,4.0,6.78,1,86.0
419,308,101,3,3.88,2.56,8.83,0,
122,334,104,5,4.5,4.5,9.48,1,
84,322,71,5,2.67,4.5,9.36,1,92.0
340,324,74,5,3.5,4.0,8.66,1,81.0
95,303,114,3,2.0,2.28,7.66,0,36.0
328,295,101,2,2.5,2.0,7.86,0,69.0
103,312,106,2,4.0,3.5,8.25,0,62.0
214,333,85,5,5.0,4.99,9.78,1,96.0
175,321,111,4,4.0,4.0,8.97,1,87.0
387,295,106,1,1.5,2.0,6.92,0,48.0
247,316,113,3,3.0,3.5,6.59,0,72.0
387,311,98,1,1.79,2.43,7.82,0,47.72
192,323,102,5,4.0,5.0,8.98,1,87.0
345,315,73,1,3.2,2.0,7.43,0,48.0
273,311,88,1,3.08,1.5,8.33,0,50.5
377,297,96,2,2.5,2.0,7.43,0,34.0
287,336,118,5,4.5,4.0,9.19,1,92.0
366,330,111,4,4.5,3.0,9.17,1,86.0
249,301,90,3,3.5,4.0,8.87,1,80.0
465,311,80,2,0.1,3.0,7.21,0,45.0
27,322,109,5,2.45,3.5,8.8,0,76.0
101,301,99,2,2.28,2.78,7.55,0,41.6
384,299,100,1,0.65,3.13,7.86,0,46.5
357,327,109,3,3.5,4.0,8.77,1,79.0
493,298,101,4,2.5,4.5,7.69,1,53.0
80,294,72,1,1.51,2.01,6.56,0,41.07
4,303,110,3,3.5,2.5,8.67,1,80.0
135,333,102,5,4.0,1.22,9.28,1,89.0
95,303,92,2,3.89,0.5,9.06,0,42.23
356,317,106,2,0.83,3.5,8.12,0,73.0
293,302,101,2,1.0,2.0,8.05,0,56.0
394,317,104,2,3.0,1.3,8.76,0,77.0
497,329,119,4,4.41,4.97,8.15,1,87.72
446,328,116,5,1.51,5.0,9.08,1,91.0
61,308,100,2,3.12,3.0,8.11,0,47.5
370,313,102,1,2.0,3.0,8.03,1,67.0
41,313,105,1,2.59,2.33,8.08,0,50.63
292,300,102,2,1.5,2.0,7.87,0,56.0
346,316,98,1,1.5,2.0,7.43,0,49.0
227,306,110,2,3.5,0.54,8.45,0,63.0
340,324,107,5,3.5,3.46,8.66,1,81.0
492,297,119,4,3.0,3.5,7.81,0,54.0
193,322,112,5,4.5,4.0,8.94,1,86.0
94,301,92,2,2.81,0.35,7.84,0,41.91
455,310,103,2,1.51,3.5,9.63,0,71.0
64,289,90,2,0.53,3.0,8.5,1,56.0
317,327,114,3,4.13,4.0,9.17,1,82.47
238,329,114,5,4.5,3.3,6.76,1,86.0
295,316,101,2,2.5,2.0,8.32,1,61.0
113,302,107,3,0.2,3.5,8.34,1,62.0
60,314,105,2,3.51,2.41,8.41,0,44.37
347,304,97,2,1.5,3.09,7.64,0,47.0
138,282,96,2,4.85,0.22,8.16,1,71.0
127,274,76,3,4.0,3.0,9.32,1,85.0
400,275,117,4,3.37,4.0,9.74,1,95.0
45,323,111,5,4.76,4.75,7.17,1,89.47
457,257,115,2,1.27,2.0,7.88,0,51.0
113,301,116,3,3.5,0.6,8.34,1,62.0
319,297,119,1,1.19,1.19,7.45,0,
389,296,97,2,1.92,2.0,7.8,0,49.0
138,287,108,2,1.5,3.0,8.16,1,71.0
218,300,100,4,3.41,3.78,9.05,1,87.36
210,301,100,3,3.5,2.29,8.12,1,68.0
8,308,115,2,3.0,4.0,7.9,0,68.0
5,314,103,2,2.0,3.0,8.21,0,65.0
379,296,77,2,2.3,2.0,7.5,0,41.62
337,331,117,4,4.89,4.93,9.45,1,87.02
255,321,73,4,4.0,5.0,9.12,0,85.0
84,298,96,2,2.66,2.17,7.07,0,40.52
327,289,100,3,0.07,0.58,8.02,0,63.0
408,298,104,3,0.24,0.37,7.95,1,58.0
38,307,118,2,3.95,3.39,7.76,0,46.76
358,301,104,2,2.13,3.5,9.71,1,68.0
154,324,75,3,1.6,4.0,8.75,0,79.0
344,273,72,2,2.5,1.68,8.13,0,59.0
306,274,89,3,3.5,3.5,8.8,1,
10,324,83,3,0.81,1.38,8.44,0,48.53
217,302,71,4,4.5,4.9,9.26,1,91.0
74,314,83,4,4.5,4.0,9.04,1,84.0
281,311,77,3,4.13,4.0,6.85,1,68.0
471,320,118,5,4.0,4.0,9.27,1,87.0
60,309,102,2,1.94,2.92,8.12,0,45.25
34,340,114,5,4.0,2.85,9.6,1,90.0
401,304,100,2,3.13,3.0,6.11,0,63.0
469,323,107,4,4.0,5.0,9.41,1,81.0
303,257,105,2,0.11,3.0,8.45,1,65.0
10,284,102,3,3.5,3.0,8.6,0,45.0
63,304,105,2,3.0,3.0,8.2,1,54.0
142,331,117,2,4.37,3.5,7.15,1,90.99
42,294,107,2,2.12,2.2,8.4,1,49.51
332,298,96,2,2.34,1.94,7.85,0,45.01
92,299,97,3,5.0,0.85,7.66,0,38.0
107,293,101,3,2.85,4.76,7.7,0,39.6
463,307,104,4,3.0,2.76,7.94,0,62.0
93,300,83,2,3.18,3.0,7.88,0,39.51
121,335,120,5,0.68,0.7,9.56,1,94.0
377,304,101,2,2.0,2.59,6.81,0,47.8
164,317,93,3,3.5,3.0,8.56,0,68.0
337,319,76,3,2.99,3.63,8.79,0,72.0
60,311,104,2,1.91,2.0,8.3,0,42.0
95,283,99,3,2.0,2.5,6.67,0,36.0
10,264,83,3,2.15,2.65,8.42,0,48.51
59,277,78,2,3.59,2.41,6.41,0,47.02
407,301,77,3,2.46,3.0,7.45,0,47.1
450,315,101,3,3.5,4.5,9.13,0,79.0
417,307,100,3,2.47,2.62,7.66,0,45.53
69,258,109,3,3.5,1.61,7.95,1,68.0
45,326,113,5,0.7,0.52,6.35,1,91.0
448,302,101,2,2.35,1.95,7.62,0,49.08
438,317,106,1,2.63,3.5,7.65,1,61.0
448,320,101,3,3.5,0.31,8.97,1,84.0
331,301,96,1,2.38,1.56,8.66,0,46.03
61,312,93,2,3.0,3.1,8.22,0,50.0
388,302,85,2,1.79,2.88,7.98,0,51.01
39,309,107,2,3.29,2.86,7.89,0,
336,325,111,4,4.0,4.5,9.11,1,83.0
139,331,114,5,4.0,3.19,9.37,1,90.48
152,294,69,5,1.68,5.0,9.28,1,94.0
439,318,110,1,2.5,2.15,8.54,1,67.0
94,301,80,2,3.57,3.09,8.02,0,43.13
349,302,114,1,2.0,2.0,8.6,0,57.0
262,297,100,3,3.5,1.46,8.62,0,71.0
146,327,115,3,3.65,3.2,9.24,1,87.27
181,287,87,3,2.34,3.0,6.17,0,
464,309,107,3,4.47,1.14,7.86,0,57.0
299,330,114,3,4.5,4.5,9.24,1,90.0
176,320,102,4,4.5,3.5,8.87,1,85.0
297,313,98,1,1.17,1.67,6.85,0,50.5
304,323,90,3,0.69,3.5,8.55,1,73.0
132,264,105,5,5.0,4.5,8.65,0,77.0
290,313,76,3,4.0,3.5,9.0,0,79.0
174,323,88,4,4.0,4.5,9.23,1,89.0
28,298,98,1,1.53,2.48,7.5,0,48.02
380,311,85,2,0.4,2.91,6.21,0,46.06
15,295,73,3,3.5,2.0,8.2,1,61.0
430,340,105,5,5.0,0.81,9.06,1,95.0
442,332,92,1,1.5,3.0,8.66,1,79.0
471,320,110,5,4.0,4.0,9.27,1,87.0
118,294,100,2,2.7,2.48,7.33,0,46.0
282,317,109,3,4.0,4.5,9.11,1,80.0
95,302,113,2,0.07,2.0,8.01,0,42.44
458,295,99,1,2.0,1.5,7.57,0,37.0
421,306,100,3,1.98,3.0,7.42,0,42.0
79,311,70,3,2.21,3.0,8.04,0,48.51
445,324,113,4,3.78,5.0,9.27,1,92.5
146,320,113,2,2.0,2.5,8.64,1,81.0
485,317,106,3,1.62,3.0,7.89,1,73.0
23,304,117,5,5.0,4.74,9.6,1,94.5
155,326,108,3,3.0,3.5,8.89,0,80.0
456,305,86,2,1.5,2.5,8.16,0,59.0
148,326,76,3,3.0,3.0,9.11,1,83.0
148,326,92,3,0.54,3.0,9.11,1,83.0
161,315,103,1,1.5,3.04,7.86,0,57.0
82,272,120,4,5.0,5.0,9.5,1,96.0
94,300,98,2,3.1,3.51,7.96,0,38.1
94,301,97,2,3.34,3.0,7.88,1,44.0
346,296,105,1,1.5,2.0,7.61,0,48.0
236,314,98,4,0.78,4.48,9.17,1,86.47
371,310,103,2,0.54,2.5,8.24,0,72.0
472,311,103,3,2.0,4.0,8.09,0,64.0
278,320,101,2,2.93,3.85,8.62,0,70.0
273,294,95,1,1.5,3.22,7.64,0,49.0
244,325,114,3,0.31,3.0,8.77,1,76.0
198,310,106,2,0.72,0.67,8.33,0,73.0
165,290,88,4,4.5,1.87,9.01,1,81.0
107,289,108,4,4.5,3.53,9.18,1,87.0
146,278,109,2,2.22,2.73,8.74,1,
223,324,113,4,4.5,4.0,8.79,0,76.0
360,321,117,2,2.0,1.5,8.44,0,81.0
330,297,118,2,2.5,3.45,7.79,0,43.0
481,321,73,3,3.5,4.0,9.01,1,80.0
499,312,103,4,4.0,5.0,8.06,0,
375,287,97,1,1.24,2.46,7.96,0,44.56
458,295,99,1,2.0,1.5,7.54,0,37.0
94,301,97,2,2.53,1.07,9.69,1,44.0
382,282,78,2,2.5,2.89,7.75,0,40.12
434,290,111,4,0.83,5.0,9.34,0,71.0
78,301,99,2,3.0,2.0,8.22,0,64.0
44,332,117,4,0.24,4.08,9.1,0,87.0
346,279,97,1,1.78,2.0,7.48,0,
374,302,104,1,2.0,2.49,7.65,0,45.08
190,323,112,5,2.2,4.83,9.06,1,86.99
414,290,101,3,3.0,2.0,7.94,1,49.0
330,277,96,2,2.44,1.53,7.88,0,43.98
61,309,100,2,2.87,3.0,8.34,0,48.0
370,297,108,1,3.96,2.0,7.87,0,
10,323,108,3,3.5,3.0,8.6,0,45.0
95,303,98,2,3.74,3.19,9.33,0,43.06
400,310,75,2,2.64,2.86,7.66,0,52.5
99,332,119,4,5.0,4.5,8.68,1,90.0
93,300,91,2,3.46,3.11,7.83,0,41.01
97,306,100,2,2.71,3.0,9.25,0,48.0
70,328,91,4,4.5,4.68,9.16,1,78.0
31,300,97,2,0.92,3.0,8.1,1,65.0
19,318,78,3,4.0,3.0,8.8,0,63.0
341,292,107,3,3.0,3.37,8.46,1,75.0
222,316,106,3,3.5,1.07,8.56,0,75.0
424,262,69,5,0.44,2.64,9.54,1,
147,315,105,3,2.0,4.3,9.75,0,75.0
447,327,118,4,5.0,5.0,9.67,1,93.0
33,338,115,4,3.16,4.86,9.43,1,90.5
136,314,109,4,3.5,4.0,6.25,1,82.0
477,292,113,2,2.23,3.68,7.43,0,49.08
17,317,107,3,4.0,2.31,8.35,0,
382,299,98,2,2.5,2.81,7.72,0,40.22
177,329,100,4,4.5,4.5,9.16,1,90.0
38,307,78,2,3.97,2.03,7.75,0,46.51
169,314,115,2,2.0,4.0,7.8,1,64.0
79,296,84,2,3.0,4.62,7.54,1,44.0
152,299,88,5,5.0,5.0,6.49,1,94.0
94,300,80,2,1.39,2.74,7.84,0,35.0
134,323,111,5,2.02,4.5,8.78,0,79.0
417,316,102,3,3.45,2.0,7.71,0,50.5
130,333,120,5,5.0,2.94,8.32,1,92.0
190,324,112,5,5.0,5.0,8.55,1,88.0
137,312,103,3,5.0,4.0,9.75,0,76.0
101,301,118,2,2.28,2.78,7.55,0,41.6
393,287,112,4,4.0,3.5,9.12,1,84.0
378,298,97,2,2.44,0.77,7.52,0,43.61
198,310,106,2,3.5,2.5,8.33,0,73.0
291,307,105,2,2.66,3.0,7.65,0,58.0
37,299,106,2,1.03,4.0,8.4,0,64.0
93,300,112,3,3.93,3.19,7.72,0,40.04
233,314,107,2,2.5,3.5,8.27,0,69.0
279,308,103,2,3.0,3.5,8.49,0,66.0
34,302,114,5,4.0,2.06,9.6,1,90.0
83,260,103,5,5.0,4.5,9.22,1,92.0
384,300,99,2,3.3,3.2,8.35,0,40.82
16,314,105,3,3.5,2.5,8.3,0,54.0
90,306,75,3,0.9,0.18,6.78,0,46.02
342,326,110,3,3.5,3.5,8.76,1,79.0
41,308,110,3,3.5,1.13,8.0,1,46.0
326,326,116,3,3.5,3.83,9.14,1,81.0
200,313,107,3,4.0,4.5,8.69,0,72.0
430,340,115,5,5.0,4.5,9.06,1,95.0
218,261,109,4,4.0,4.0,9.13,1,85.0
88,307,118,3,0.8,2.73,7.92,0,46.02
12,322,105,2,3.34,1.83,8.33,1,48.02
454,319,120,3,2.5,2.88,8.76,1,73.0
384,296,96,2,2.85,2.0,7.66,0,46.0
298,320,94,3,4.56,4.5,9.11,0,86.0
74,314,108,4,4.5,1.83,9.04,1,84.0
217,322,114,4,4.5,4.5,9.26,1,91.0
382,303,107,2,2.5,4.05,6.57,0,40.22
83,320,110,5,0.15,0.8,9.22,1,92.0
186,327,74,4,3.74,1.97,9.14,1,90.96
387,282,97,1,1.5,2.0,7.77,0,48.0
354,301,101,1,1.68,2.0,7.72,0,49.01
95,303,115,2,2.05,4.63,7.68,0,42.23
31,297,96,1,2.31,4.89,7.37,0,69.0
324,292,117,2,2.0,0.98,8.73,0,62.0
330,297,96,2,2.5,1.5,7.93,0,43.0
31,271,112,1,2.31,2.21,7.97,0,69.0
236,326,73,5,2.42,4.0,9.23,1,88.0
317,298,106,2,3.99,2.06,9.73,0,54.0
178,319,110,3,3.5,3.5,9.04,0,82.0
213,338,111,4,2.39,5.0,8.78,1,95.0
370,282,102,2,3.32,3.8,9.13,0,84.81
63,314,104,3,3.61,3.79,8.4,0,49.51
90,306,101,3,1.52,0.33,7.54,0,46.02
445,324,92,5,3.0,0.73,9.25,1,92.0
398,330,116,4,2.8,4.5,9.45,1,91.0
33,338,100,4,3.11,3.36,9.59,1,90.5
128,300,83,2,1.5,2.25,9.4,0,48.47
235,330,104,5,1.11,4.0,9.31,1,
98,331,119,3,4.66,4.6,8.18,1,87.95
427,323,113,4,4.09,4.82,9.74,1,88.9
68,316,102,2,3.5,3.5,6.51,1,57.0
25,336,94,5,2.87,3.5,9.8,1,97.0
173,295,110,4,4.0,2.71,9.13,1,86.0
217,322,112,4,2.29,4.5,9.26,1,91.0
58,301,100,2,3.42,0.33,7.8,0,44.02
463,307,105,4,3.0,3.0,7.94,0,62.0
169,293,115,2,2.0,0.47,7.8,1,64.0
81,312,101,3,2.0,1.3,8.02,1,50.0
112,321,109,4,4.0,4.0,8.68,1,69.0
167,302,82,3,2.32,4.0,8.33,0,65.0
42,264,93,2,2.5,2.05,9.23,1,52.0
208,296,102,3,2.24,4.0,8.02,1,66.0
369,298,92,1,2.09,2.0,7.88,0,51.0
275,297,109,1,2.0,2.5,7.95,0,58.0
42,316,78,2,4.12,2.5,8.2,1,49.0
168,313,76,3,2.0,2.96,8.27,0,64.0
89,299,96,2,3.0,2.67,7.77,1,66.0
49,321,110,3,3.5,5.0,8.98,1,82.0
288,324,114,5,5.0,3.57,9.08,1,89.0
470,326,120,4,4.0,3.5,9.16,1,86.0
19,290,113,3,4.0,4.67,8.8,0,63.0
122,259,119,5,4.29,0.68,9.48,1,94.0
95,262,98,2,3.53,3.74,7.05,0,42.75
95,302,98,3,1.32,2.72,6.19,0,43.0
351,261,107,3,3.0,3.5,8.27,1,74.0
378,312,100,2,2.0,2.76,7.77,0,49.27
346,316,98,1,1.5,2.54,7.43,0,49.0
386,335,117,5,2.46,5.0,9.82,1,96.0
142,332,118,2,2.12,3.5,9.36,1,90.0
417,316,102,3,3.45,3.69,8.07,0,50.5
439,333,105,4,4.63,4.5,9.34,1,93.48
438,317,106,1,1.5,3.5,7.65,1,61.0
26,340,120,5,4.5,4.5,9.6,1,94.0
129,326,112,3,3.5,3.0,9.1,1,84.0
150,277,106,2,3.5,3.0,8.26,1,79.0
346,314,108,1,3.49,2.0,7.45,0,48.02
203,340,115,5,4.5,3.49,9.91,1,97.0
392,318,106,3,4.26,3.0,6.24,0,71.0
36,304,81,2,3.23,2.38,7.64,0,46.03
42,312,106,1,3.94,1.96,8.42,0,52.5
430,340,115,5,2.76,4.17,8.28,1,95.0
183,299,100,2,3.0,3.5,7.88,0,68.0
393,300,111,4,4.07,3.57,9.13,1,86.43
140,318,109,1,3.5,3.45,6.27,0,
500,309,70,4,4.33,4.5,9.04,0,84.0
401,304,104,2,3.5,1.13,8.22,0,63.0
174,323,110,4,1.76,4.5,9.23,1,133.5
324,305,102,2,2.0,2.5,8.18,0,62.0
181,300,83,3,3.5,3.0,8.16,0,71.0
385,340,113,4,4.88,1.66,9.74,1,96.0
451,284,69,4,3.41,4.5,8.86,1,82.0
273,294,95,1,1.5,1.5,7.64,0,49.0
199,311,73,3,4.99,4.5,8.43,0,70.0
393,326,111,4,3.32,2.76,9.88,1,86.43
28,258,93,2,1.5,0.55,7.5,1,44.0
297,310,107,3,3.5,3.5,8.67,0,76.0
412,313,94,2,2.5,1.5,8.13,0,56.0
347,304,97,2,1.43,2.13,7.64,0,
95,303,99,3,1.82,2.5,7.66,0,36.0
60,258,103,2,1.19,2.09,8.29,0,44.52
96,304,99,2,0.13,2.78,7.85,0,42.17
264,324,111,3,2.5,1.5,8.79,1,70.0
435,306,119,3,1.36,3.0,8.21,0,64.0
287,336,118,5,4.66,3.12,9.19,1,92.0
489,322,117,3,1.62,4.0,8.62,1,76.0
445,311,113,5,4.0,5.0,9.25,1,92.0
257,309,99,3,4.0,3.02,8.56,0,76.0
143,282,115,5,2.25,0.05,9.44,1,92.0
61,316,106,2,0.38,2.56,8.45,0,47.03
239,310,104,3,2.0,4.87,8.37,0,70.0
276,322,110,3,3.42,3.88,8.47,1,78.0
10,324,106,3,3.5,3.79,8.44,0,48.53
166,322,110,5,0.4,4.0,8.97,0,78.0
254,335,79,4,4.5,0.36,9.68,1,93.0
33,297,118,4,2.71,4.5,9.61,1,91.0
73,321,111,5,5.0,1.33,9.01,1,93.0
308,325,112,4,4.01,4.0,9.0,1,
375,312,103,2,2.0,2.5,7.63,0,38.5
12,327,111,4,4.0,4.5,9.0,1,84.0
447,299,114,2,0.59,2.26,6.1,0,46.52
15,275,104,3,3.5,2.0,8.2,1,61.0
87,315,101,3,3.74,3.5,8.42,0,72.0
347,298,94,1,2.32,1.04,7.34,0,44.51
395,324,103,3,3.54,3.5,9.05,1,82.99
96,305,118,2,2.8,2.9,7.93,0,44.9
36,320,110,5,5.0,5.0,9.2,1,
10,280,115,3,3.5,3.0,9.81,0,45.0
420,303,100,3,2.36,2.76,7.48,0,47.08
279,304,85,2,3.0,3.5,7.5,0,66.0
107,329,111,4,4.5,3.56,9.18,1,87.0
210,301,104,3,3.5,4.0,7.67,1,68.0
192,269,70,5,4.0,5.0,8.98,1,87.0
476,300,116,3,3.5,2.5,7.88,0,59.0
173,322,107,4,4.0,3.68,9.45,1,86.0
124,308,108,3,3.5,3.5,8.22,0,61.0
461,319,97,4,0.41,4.5,8.66,1,77.0
347,303,106,1,1.12,1.24,7.36,0,45.98
39,306,105,1,3.98,2.75,7.7,0,50.02
99,270,108,4,5.0,4.5,9.24,1,90.0
378,290,120,1,1.5,2.0,7.56,0,47.0
131,272,114,5,4.0,0.89,9.76,1,
24,334,107,5,2.29,4.5,9.7,1,95.0
176,307,117,4,4.5,3.5,9.52,1,85.0
379,291,98,2,2.06,3.98,7.59,0,43.62
97,287,98,2,3.0,3.0,8.0,0,48.0
371,310,105,2,2.5,0.83,8.24,0,72.0
420,302,100,3,2.27,3.9,7.47,0,47.06
384,300,100,3,3.0,3.5,8.26,0,62.0
202,267,89,2,3.5,3.0,8.41,1,72.0
370,297,92,1,3.03,1.98,9.31,0,50.03
369,298,117,1,4.97,2.0,7.88,0,51.0
447,322,112,4,3.64,4.75,9.06,1,86.71
347,297,69,1,1.17,1.33,7.34,0,44.52
388,307,105,2,0.94,3.5,8.23,0,53.0
79,294,93,1,1.92,2.0,7.41,0,45.0
450,315,93,3,3.5,4.5,9.13,0,79.0
257,309,99,3,4.0,1.22,8.56,0,76.0
16,323,70,2,0.62,3.71,8.36,1,50.5
280,304,102,2,3.0,4.0,8.73,0,67.0
96,304,118,4,1.5,2.5,7.84,0,42.0
391,314,73,2,0.07,2.5,8.24,0,64.0
170,311,99,2,2.5,3.0,7.98,0,65.0
319,274,106,1,1.19,1.19,7.45,0,45.58
470,326,114,4,4.0,3.7,9.16,1,86.0
105,326,94,3,3.5,3.0,9.05,1,74.0
374,293,109,3,3.0,3.0,8.54,1,79.0
41,310,74,2,2.9,2.87,8.05,1,47.5
429,316,103,2,2.0,4.51,8.74,0,69.0
28,297,97,1,4.5,1.78,7.49,0,45.01
337,331,74,4,4.92,0.45,9.44,1,88.16
348,299,120,1,4.13,1.0,7.92,0,42.0
187,317,107,3,3.5,3.0,8.68,1,84.0
251,281,99,3,3.0,4.02,8.57,1,74.0
371,300,95,1,2.0,2.2,7.79,0,44.55
174,301,73,4,4.0,0.22,9.0,1,86.5
171,312,94,2,1.59,1.56,8.04,1,68.0
347,298,94,1,1.03,1.07,6.62,0,45.02
22,325,78,4,3.0,2.0,8.4,0,70.0
48,321,110,3,3.88,4.75,7.38,1,84.89
95,303,99,3,1.52,2.5,7.83,0,39.03
325,315,104,3,3.0,2.5,8.33,0,67.0
204,334,120,5,4.0,0.61,9.87,1,97.0
85,340,112,5,4.5,4.5,9.45,1,94.0
258,324,100,3,4.0,5.0,8.64,1,78.0
160,297,105,1,4.4,2.16,7.83,0,52.5
114,298,92,2,3.0,3.39,7.44,0,47.5
213,338,120,4,5.0,5.0,9.66,1,95.0
399,312,103,3,2.38,3.22,8.74,0,67.0
92,299,79,3,5.0,1.06,7.66,0,38.0
77,263,118,3,3.0,3.0,8.72,1,74.0
431,299,104,3,4.0,1.81,8.13,1,74.0
347,301,111,1,3.31,1.14,7.35,0,45.53
144,340,71,4,4.5,4.0,9.92,1,97.0
292,300,87,2,1.5,2.0,7.87,0,56.0
58,298,104,2,2.66,2.0,7.6,0,46.0
9,270,102,1,2.0,1.5,8.0,0,50.0
258,324,100,3,4.88,5.0,8.64,1,78.0
40,301,105,1,2.72,2.06,7.59,0,50.5
92,299,97,3,4.62,3.38,9.63,0,38.46
376,304,112,2,2.0,2.5,7.66,0,
12,327,102,4,3.22,4.04,9.0,1,84.0
122,290,103,3,1.95,2.45,7.5,0,48.52
389,296,97,2,1.59,2.0,7.8,0,49.0
336,325,116,4,1.71,4.5,9.11,1,83.0
274,312,102,1,1.0,3.63,9.86,1,52.0
94,300,107,2,2.96,2.74,7.84,0,35.0
92,299,88,3,4.71,3.4,7.66,0,37.0
28,297,120,1,1.52,2.48,7.49,0,45.0
28,298,98,2,1.5,3.45,7.5,1,44.0
463,297,83,1,4.81,0.64,7.28,0,41.59
129,326,112,3,1.5,3.0,9.1,1,84.0
448,267,108,2,2.35,1.03,6.44,0,49.08
29,295,110,1,2.0,1.04,7.2,0,46.0
255,321,114,4,4.0,5.0,9.12,0,85.0
400,300,71,2,0.69,1.1,7.56,0,50.5
424,334,104,5,4.5,5.0,9.54,1,94.0
21,312,69,3,3.13,3.93,7.9,1,64.0
348,299,94,1,1.0,1.0,7.34,0,42.0
152,332,101,5,5.0,3.54,9.33,1,
245,314,107,2,2.5,3.99,8.56,0,63.0
420,308,76,2,0.62,3.5,7.98,1,
74,314,108,4,2.57,1.16,9.04,1,84.0
79,296,95,2,3.0,2.0,7.54,1,44.0
267,312,103,2,2.0,2.5,6.51,0,72.0
393,326,114,4,4.0,2.33,7.04,1,84.0
406,302,101,3,4.55,4.23,7.45,0,52.0
446,328,116,5,4.5,5.0,9.08,1,
424,334,86,5,4.5,5.0,9.54,1,94.0
94,262,97,2,2.86,4.91,9.31,0,40.02
191,324,111,5,4.5,4.0,9.16,1,90.0
314,308,100,3,1.87,2.77,6.4,0,67.0
91,281,75,2,4.92,3.44,7.66,0,41.03
95,303,99,3,2.0,3.97,7.66,0,54.0
246,328,116,4,3.03,0.22,9.02,1,81.0
100,323,100,3,4.0,1.36,8.88,1,79.0
330,297,94,1,4.54,3.05,7.41,0,45.53
449,312,109,2,2.5,4.0,9.55,0,80.0
348,299,94,1,1.0,1.54,7.62,0,42.0
377,297,84,2,1.91,2.08,7.46,0,40.1
217,322,95,4,4.44,4.04,9.13,1,
116,310,83,4,0.45,3.84,6.61,1,66.0
347,302,95,1,1.33,4.13,7.89,0,44.53
73,321,83,5,5.0,3.73,9.45,1,93.0
29,290,99,2,1.88,2.65,7.53,0,46.02
66,285,112,4,3.5,3.5,8.92,0,55.0
60,308,79,2,3.02,2.96,8.11,0,46.35
320,296,95,1,2.33,1.28,7.85,0,46.03
432,271,105,2,2.0,4.38,7.57,0,46.53
175,287,112,4,4.0,4.0,8.97,1,87.0
88,317,107,2,1.0,3.0,8.28,0,66.0
93,298,102,2,4.0,3.0,8.25,0,34.0
377,297,69,2,3.47,2.08,9.29,0,40.1
404,330,112,4,1.12,4.54,9.23,1,91.0
315,305,105,2,3.97,4.0,8.13,0,66.0
220,312,104,3,3.5,1.71,8.42,0,74.0
187,317,107,3,3.5,3.0,8.68,1,84.0
463,307,105,4,3.0,3.0,8.57,0,62.0
54,324,85,4,4.0,0.9,8.1,1,72.0
185,260,102,2,2.5,2.91,8.32,0,72.0
278,306,101,2,2.5,0.32,8.62,0,70.0
173,322,110,4,4.0,4.94,9.14,1,87.47
101,322,115,3,3.97,3.5,8.46,1,71.0
378,272,103,1,1.67,2.0,7.55,0,44.15
441,286,103,1,4.31,1.5,7.78,0,45.41
114,298,99,2,3.0,3.76,7.44,0,47.5
274,312,77,1,1.0,1.71,8.01,1,52.0
149,292,99,1,2.65,2.91,6.63,0,47.54
102,312,105,2,4.41,3.0,8.37,0,64.0
371,310,71,2,2.5,3.89,8.24,0,72.0